거래처명,발행일자,공급가액,합계금액,세액
주식회사 태흥로프,2026-02-27,610500,671550,61050
주식회사 태흥로프,2026-02-27,277500,305250,27750
주식회사 태흥로프,2026-02-26,1296000,1425600,129600
주식회사 태흥로프,2026-02-26,74000,81400,7400
주식회사 태흥로프,2026-02-25,111000,122100,11100
주식회사 태흥로프,2026-02-24,630850,693935,63085
미호골프산업사,2026-02-24,1124960,1237456,112496
주식회사 태흥로프,2026-02-24,504000,554400,50400
라인스포츠산업,2026-02-23,1646150,1810765,164615
주식회사 태흥로프,2026-02-23,5861760,6447936,586176
주식회사 태흥로프,2026-02-23,555000,610500,55500
주식회사 태흥로프,2026-02-23,2934100,3227510,293410
효성상사,2026-02-23,2047500,2252250,204750
주식회사 태흥로프,2026-02-20,143500,157850,14350
라인스포츠산업,2026-02-19,1133650,1247016,113366
주식회사 태흥로프,2026-02-19,434000,477400,43400
주식회사 태흥로프,2026-02-11,2410000,2651000,241000
주식회사 태흥로프,2026-02-11,2440000,2684000,244000
군부대 풋살장,2026-02-11,3148000,3462800,314800
주식회사 태흥로프,2026-02-10,80000,88000,8000
주식회사 태흥로프,2026-02-10,1755000,1930500,175500
주식회사 태흥로프,2026-02-09,296000,325600,29600
주식회사 태흥로프,2026-02-06,640000,704000,64000
주식회사 태흥로프,2026-02-05,1332000,1465200,133200
주식회사 태흥로프,2026-02-05,240000,264000,24000
라인스포츠산업,2026-02-03,903000,993300,90300
(주)성은산자,2026-02-03,162000,178200,16200
주식회사 태흥로프,2026-02-03,304000,334400,30400
주식회사 태흥로프,2026-02-03,700000,770000,70000
효성상사,2026-02-03,841932,926125,84193
주식회사 태흥로프,2026-01-30,192000,211200,19200
주식회사 태흥로프,2026-01-30,1640000,1804000,164000
그린아시아,2026-01-29,41400,45540,4140
그린아시아,2026-01-29,616940,678634,61694
그린아시아,2026-01-29,748200,823020,74820
주식회사 태흥로프,2026-01-28,962000,1058200,96200
주식회사 태흥로프,2026-01-27,1080000,1188000,108000
라인스포츠산업,2026-01-27,1604500,1764950,160450
주식회사 태흥로프,2026-01-23,675620,743182,67562
주식회사 태흥로프,2026-01-23,296000,325600,29600
미사산업사,2026-01-23,10564000,11620400,1056400
(주)성은산자,2026-01-22,609000,669900,60900
(주)성은산자,2026-01-22,258000,283800,25800
그린아시아,2026-01-22,103200,113520,10320
(주)동서로프산업,2026-01-21,2400000,2640000,240000
주식회사 태흥로프,2026-01-21,82000,90200,8200
주식회사 태흥로프,2026-01-21,66600,73260,6660
주식회사 태흥로프,2026-01-21,41000,45100,4100
라인스포츠산업,2026-01-21,345625,380188,34563
주식회사 태흥로프,2026-01-20,3330000,3663000,333000
라인스포츠산업,2026-01-20,14275330,15702863,1427533
주식회사 태흥로프,2026-01-15,10250,11275,1025
주식회사 태흥로프,2026-01-15,1383800,1522180,138380
라인스포츠산업,2026-01-14,199500,219450,19950
주식회사 태흥로프,2026-01-14,3174600,3492060,317460
주식회사 태흥로프,2026-01-14,1831500,2014650,183150
주식회사 태흥로프,2026-01-14,2089300,2298230,208930
미호골프산업사,2026-01-14,956835,1052519,95684
주식회사 태흥로프,2026-01-14,1332000,1465200,133200
미사산업사,2026-01-13,800000,880000,80000
(주)성은산자,2026-01-13,420000,462000,42000
(주)성은산자,2026-01-13,142000,156200,14200
미사산업사,2026-01-13,9600000,10560000,960000
효성상사,2026-01-13,199500,219450,19950
주식회사 태흥로프,2026-01-13,652000,717200,65200
주식회사 태흥로프,2026-01-12,740000,814000,74000
주식회사 태흥로프,2026-01-12,666000,732600,66600
주식회사 태흥로프,2026-01-09,15000,16500,1500
주식회사 태흥로프,2026-01-08,1581750,1739925,158175
주식회사 태흥로프,2026-01-08,11941800,13135980,1194180
라인스포츠산업,2026-01-08,30000,33000,3000
주식회사 태흥로프,2026-01-08,180000,198000,18000
(주)성은산자,2026-01-08,808400,889240,80840
주식회사 태흥로프,2026-01-07,1452000,1597200,145200
주식회사 태흥로프,2026-01-06,1342000,1476200,134200
라인스포츠산업,2026-01-06,111510,122661,11151
주식회사 태흥로프,2026-01-05,2869350,3156285,286935
(주)동서로프산업,2026-01-05,11200000,12320000,1120000
(주)성은산자,2026-01-05,210600,231660,21060
(주)성은산자,2026-01-02,776000,853600,77600
주식회사 태흥로프,2026-01-02,1220000,1342000,122000
(주)창조티지아이,2026-01-01,455000,500500,45500
주식회사 태흥로프,2025-12-29,740000,814000,74000
주식회사 태흥로프,2025-12-29,152000,167200,15200
주식회사 태흥로프,2025-12-26,713000,784300,71300
주식회사 태흥로프,2025-12-26,340200,374220,34020
주식회사 태흥로프,2025-12-26,479400,527340,47940
주식회사 태흥로프,2025-12-24,559680,615648,55968
주식회사 태흥로프,2025-12-23,2783880,3062268,278388
(주)성은산자,2025-12-23,104400,114840,10440
미호골프산업사,2025-12-22,396900,436590,39690
주식회사 태흥로프,2025-12-22,210000,231000,21000
(주)성은산자,2025-12-18,96500,106150,9650
(주)성은산자,2025-12-18,368000,404800,36800
주식회사 태흥로프,2025-12-18,1080000,1188000,108000
라인스포츠산업,2025-12-18,279000,306900,27900
(주)성은산자,2025-12-17,54000,59400,5400
주식회사 태흥로프,2025-12-17,108225,119048,10823
주식회사 태흥로프,2025-12-17,623850,686235,62385
주식회사 태흥로프,2025-12-17,1228400,1351240,122840
주식회사 태흥로프,2025-12-15,1416500,1558150,141650
주식회사 태흥로프,2025-12-15,1070000,1177000,107000
주식회사 태흥로프,2025-12-15,1000000,1100000,100000
주식회사 태흥로프,2025-12-11,629000,691900,62900
주식회사 태흥로프,2025-12-10,123000,135300,12300
주식회사 태흥로프,2025-12-10,999000,1098900,99900
주식회사 태흥로프,2025-12-10,382000,420200,38200
라인스포츠산업,2025-12-10,3757900,4133690,375790
주식회사 태흥로프,2025-12-09,4908500,5399350,490850
주식회사 태흥로프,2025-12-09,610500,671550,61050
주식회사 태흥로프,2025-12-09,371500,408650,37150
(주)성은산자,2025-12-09,203700,224070,20370
(주)성은산자,2025-12-08,108000,118800,10800
주식회사 태흥로프,2025-12-08,114000,125400,11400
(주)창조티지아이,2025-12-05,700600,770660,70060
주식회사 태흥로프,2025-12-05,1062825,1169108,106283
주식회사 태흥로프,2025-12-05,1314000,1445400,131400
주식회사 태흥로프,2025-12-05,1391200,1530320,139120
주식회사 태흥로프,2025-12-04,190000,209000,19000
(주)성은산자,2025-12-04,1761500,1937650,176150
주식회사 태흥로프,2025-12-03,190000,209000,19000
라인스포츠산업,2025-12-03,902900,993191,90291
(주)성은산자,2025-12-03,510600,561660,51060
주식회사 태흥로프,2025-12-02,666000,732600,66600
주식회사 태흥로프,2025-12-02,270000,297000,27000
주식회사 태흥로프,2025-12-02,185000,203500,18500
미사산업사,2025-11-28,144000,158400,14400
라인스포츠산업,2025-11-28,1741600,1915760,174160
주식회사 태흥로프,2025-11-28,47150,51865,4715
(주)성은산자,2025-11-27,367500,404250,36750
주식회사 태흥로프,2025-11-27,1017500,1119250,101750
주식회사 태흥로프,2025-11-27,1260000,1386000,126000
미호골프산업사,2025-11-27,55500,61050,5550
주식회사 태흥로프,2025-11-27,2000000,2200000,200000
주식회사 태흥로프,2025-11-26,2877600,3165360,287760
주식회사 태흥로프,2025-11-26,360000,396000,36000
주식회사 태흥로프,2025-11-26,237600,261360,23760
성아종합상사,2025-11-26,140000,154000,14000
주식회사 태흥로프,2025-11-25,1537500,1691250,153750
주식회사 태흥로프,2025-11-25,10593000,11652300,1059300
주식회사 태흥로프,2025-11-25,1488000,1636800,148800
주식회사 태흥로프,2025-11-25,962000,1058200,96200
주식회사 태흥로프,2025-11-24,770000,847000,77000
주식회사 태흥로프,2025-11-24,1480000,1628000,148000
주식회사 태흥로프,2025-11-24,1420800,1562880,142080
주식회사 태흥로프,2025-11-21,194250,213675,19425
주식회사 태흥로프,2025-11-21,1152000,1267200,115200
주식회사 태흥로프,2025-11-20,192000,211200,19200
라인스포츠산업,2025-11-19,150000,165000,15000
주식회사 태흥로프,2025-11-19,1154400,1269840,115440
주식회사 태흥로프,2025-11-18,789950,868945,78995
주식회사 태흥로프,2025-11-18,432000,475200,43200
주식회사 태흥로프,2025-11-17,4995000,5494500,499500
주식회사 태흥로프,2025-11-17,444000,488400,44400
주식회사 태흥로프,2025-11-17,3700000,4070000,370000
(주)동서로프산업,2025-11-17,1680000,1848000,168000
라인스포츠산업,2025-11-14,462300,508530,46230
미사산업사,2025-11-13,315000,346500,31500
주식회사 태흥로프,2025-11-12,2933000,3226300,293300
주식회사 태흥로프,2025-11-12,8932500,9825750,893250
주식회사 태흥로프,2025-11-12,1110000,1221000,111000
주식회사 태흥로프,2025-11-12,3836500,4220150,383650
주식회사 태흥로프,2025-11-11,109860,120846,10986
(주)창조티지아이,2025-11-11,277500,305250,27750
주식회사 태흥로프,2025-11-11,117875,129663,11788
주식회사 태흥로프,2025-11-10,2894325,3183758,289433
주식회사 태흥로프,2025-11-10,960000,1056000,96000
주식회사 태흥로프,2025-11-07,787500,866250,78750
주식회사 태흥로프,2025-11-06,540000,594000,54000
주식회사 태흥로프,2025-11-06,2086800,2295480,208680
주식회사 태흥로프,2025-11-06,101031,111134,10103
주식회사 태흥로프,2025-11-06,88800,97680,8880
주식회사 태흥로프,2025-11-05,1258000,1383800,125800
(주)성은산자,2025-11-05,81400,89540,8140
주식회사 태흥로프,2025-11-05,340000,374000,34000
주식회사 태흥로프,2025-11-05,319200,351120,31920
주식회사 태흥로프,2025-11-05,164000,180400,16400
주식회사 태흥로프,2025-11-05,333000,366300,33300
주식회사 태흥로프,2025-11-04,2331000,2564100,233100
주식회사 태흥로프,2025-11-04,1260000,1386000,126000
주식회사 태흥로프,2025-11-03,197950,217745,19795
주식회사 태흥로프,2025-11-03,2886000,3174600,288600
라인스포츠산업,2025-11-03,899250,989175,89925
주식회사 태흥로프,2025-10-31,5753500,6328850,575350
주식회사 태흥로프,2025-10-31,106500,117150,10650
주식회사 태흥로프,2025-10-31,412700,453970,41270
주식회사 태흥로프,2025-10-30,257350,283085,25735
주식회사 태흥로프,2025-10-30,300000,330000,30000
라인스포츠산업,2025-10-30,133000,146300,13300
주식회사 태흥로프,2025-10-28,1631000,1794100,163100
(주)동서로프산업,2025-10-27,11200000,12320000,1120000
라인스포츠산업,2025-10-27,2806300,3086930,280630
미호골프산업사,2025-10-27,613100,674410,61310
주식회사 태흥로프,2025-10-24,1045500,1150050,104550
라인스포츠산업,2025-10-24,623490,685840,62350
미사산업사,2025-10-24,1543750,1698125,154375
주식회사 태흥로프,2025-10-23,1110000,1221000,111000
주식회사 태흥로프,2025-10-23,5967000,6563700,596700
주식회사 태흥로프,2025-10-22,280800,308880,28080
(주)창조티지아이,2025-10-22,129600,142560,12960
라인스포츠산업,2025-10-21,3244250,3568675,324425
주식회사 태흥로프,2025-10-21,199800,219780,19980
(주)성은산자,2025-10-20,138750,152625,13875
(주)성은산자,2025-10-20,208800,229680,20880
주식회사 태흥로프,2025-10-20,108000,118800,10800
주식회사 태흥로프,2025-10-20,462500,508750,46250
주식회사 태흥로프,2025-10-20,3010000,3311000,301000
최상호골프산업,2025-10-20,31000000,34100000,3100000
주식회사 태흥로프,2025-10-16,540000,594000,54000
라인스포츠산업,2025-10-14,170000,187000,17000
(주)창조티지아이,2025-10-14,648000,712800,64800
주식회사 태흥로프,2025-10-14,1850000,2035000,185000
(주)성은산자,2025-10-14,475200,522720,47520
라인스포츠산업,2025-10-14,3309200,3640120,330920
주식회사 태흥로프,2025-10-14,420000,462000,42000
주식회사 태흥로프,2025-10-13,160000,176000,16000
주식회사 태흥로프,2025-10-13,840000,924000,84000
주식회사 태흥로프,2025-10-13,142100,156310,14210
주식회사 태흥로프,2025-10-13,1295000,1424500,129500
미사산업사,2025-10-02,432000,475200,43200
주식회사 태흥로프,2025-10-02,2913750,3205125,291375
주식회사 태흥로프,2025-10-01,148000,162800,14800
주식회사 태흥로프,2025-10-01,563500,619850,56350
최상호골프산업,2025-10-01,40000000,44000000,4000000
(주)성은산자,2025-09-30,126000,138600,12600
(주)성은산자,2025-09-30,158200,174020,15820
주식회사 태흥로프,2025-09-30,1525200,1677720,152520
라인스포츠산업,2025-09-29,165025,181528,16503
주식회사 태흥로프,2025-09-29,1500000,1650000,150000
주식회사 태흥로프,2025-09-29,2970000,3267000,297000
미호골프산업사,2025-09-26,315700,347270,31570
주식회사 태흥로프,2025-09-26,1824000,2006400,182400
(주)창조티지아이,2025-09-25,2293200,2522520,229320
효성상사,2025-09-25,52640,57904,5264
라인스포츠산업,2025-09-25,126720,139392,12672
주식회사 태흥로프,2025-09-25,339000,372900,33900
주식회사 태흥로프,2025-09-25,615000,676500,61500
주식회사 태흥로프,2025-09-24,3040000,3344000,304000
(주)성은산자,2025-09-23,285600,314160,28560
라인스포츠산업,2025-09-23,525925,578518,52593
주식회사 태흥로프,2025-09-23,1900000,2090000,190000
(주)창조티지아이,2025-09-22,1015000,1116500,101500
주식회사 태흥로프,2025-09-22,380000,418000,38000
주식회사 태흥로프,2025-09-19,142500,156750,14250
라인스포츠산업,2025-09-19,621000,683100,62100
주식회사 태흥로프,2025-09-18,2917590,3209349,291759
주식회사 태흥로프,2025-09-18,570000,627000,57000
주식회사 태흥로프,2025-09-18,524400,576840,52440
라인스포츠산업,2025-09-18,505735,556309,50574
주식회사 태흥로프,2025-09-17,4227955,4650751,422796
라인스포츠산업,2025-09-17,239400,263340,23940
(주)성은산자,2025-09-17,333000,366300,33300
(주)성은산자,2025-09-16,550000,605000,55000
주식회사 태흥로프,2025-09-16,524760,577236,52476
효성상사,2025-09-16,2050950,2256045,205095
주식회사 태흥로프,2025-09-15,760000,836000,76000
주식회사 태흥로프,2025-09-15,163800,180180,16380
주식회사 태흥로프,2025-09-12,513250,564575,51325
주식회사 태흥로프,2025-09-11,30000,33000,3000
(주)창조티지아이,2025-09-11,1166750,1283425,116675
주식회사 태흥로프,2025-09-11,897000,986700,89700
주식회사 태흥로프,2025-09-11,798000,877800,79800
주식회사 태흥로프,2025-09-11,669000,735900,66900
주식회사 태흥로프,2025-09-10,1064000,1170400,106400
주식회사 태흥로프,2025-09-10,245000,269500,24500
라인스포츠산업,2025-09-10,2040825,2244908,204083
주식회사 태흥로프,2025-09-08,342000,376200,34200
주식회사 태흥로프,2025-09-05,570000,627000,57000
주식회사 태흥로프,2025-09-05,1185000,1303500,118500
주식회사 태흥로프,2025-09-05,66250,72875,6625
라인스포츠산업,2025-09-04,2030800,2233880,203080
주식회사 태흥로프,2025-09-04,369000,405900,36900
주식회사 태흥로프,2025-09-04,1127500,1240250,112750
주식회사 태흥로프,2025-09-03,285000,313500,28500
주식회사 태흥로프,2025-09-02,741000,815100,74100
주식회사 태흥로프,2025-09-02,164000,180400,16400
주식회사 태흥로프,2025-09-02,176400,194040,17640
주식회사 태흥로프,2025-09-01,594000,653400,59400
주식회사 태흥로프,2025-08-28,156000,171600,15600
주식회사 태흥로프,2025-08-28,1377600,1515360,137760
주식회사 태흥로프,2025-08-28,387600,426360,38760
주식회사 태흥로프,2025-08-27,259200,285120,25920
(주)동서로프산업,2025-08-27,707560,778316,70756
주식회사 태흥로프,2025-08-27,228000,250800,22800
주식회사 태흥로프,2025-08-27,504300,554730,50430
(주)성은산자,2025-08-26,231000,254100,23100
주식회사 태흥로프,2025-08-26,1230000,1353000,123000
주식회사 태흥로프,2025-08-25,395000,434500,39500
주식회사 태흥로프,2025-08-25,114000,125400,11400
미사산업사,2025-08-22,800000,880000,80000
주식회사 태흥로프,2025-08-21,875350,962885,87535
주식회사 태흥로프,2025-08-21,390000,429000,39000
주식회사 태흥로프,2025-08-21,1374000,1511400,137400
(주)동서로프산업,2025-08-20,2095200,2304720,209520
주식회사 태흥로프,2025-08-20,110250,121275,11025
(주)창조티지아이,2025-08-19,6184800,6803280,618480
미호골프산업사,2025-08-18,277350,305085,27735
주식회사 태흥로프,2025-08-18,1260000,1386000,126000
주식회사 태흥로프,2025-08-18,867150,953865,86715
라인스포츠산업,2025-08-18,389940,428934,38994
주식회사 태흥로프,2025-08-13,269000,295900,26900
주식회사 태흥로프,2025-08-13,875350,962885,87535
주식회사 태흥로프,2025-08-13,512500,563750,51250
주식회사 태흥로프,2025-08-13,1365470,1502017,136547
라인스포츠산업,2025-08-12,3984615,4383077,398462
라인스포츠산업,2025-08-12,17111400,18822540,1711140
주식회사 태흥로프,2025-08-12,1900000,2090000,190000
(주)동서로프산업,2025-08-11,12000000,13200000,1200000
(주)성은산자,2025-08-08,46250,50875,4625
주식회사 태흥로프,2025-08-08,2887500,3176250,288750
주식회사 태흥로프,2025-08-08,738000,811800,73800
미사산업사,2025-08-08,585000,643500,58500
주식회사 태흥로프,2025-08-07,2128000,2340800,212800
주식회사 태흥로프,2025-08-05,302400,332640,30240
주식회사 태흥로프,2025-08-05,3400000,3740000,340000
주식회사 태흥로프,2025-08-05,831000,914100,83100
주식회사 태흥로프,2025-08-05,356700,392370,35670
주식회사 태흥로프,2025-08-04,205200,225720,20520
미사산업사,2025-08-04,233625,256988,23363
(주)창조티지아이,2025-07-30,1566000,1722600,156600
주식회사 태흥로프,2025-07-30,775000,852500,77500
라인스포츠산업,2025-07-28,1768800,1945680,176880
주식회사 태흥로프,2025-07-28,190000,209000,19000
(주)성은산자,2025-07-28,1570300,1727330,157030
주식회사 태흥로프,2025-07-25,492000,541200,49200
라인스포츠산업,2025-07-25,1474950,1622445,147495
주식회사 태흥로프,2025-07-25,752400,827640,75240
주식회사 태흥로프,2025-07-25,328000,360800,32800
주식회사 태흥로프,2025-07-25,1212500,1333750,121250
주식회사 태흥로프,2025-07-25,46125,50738,4613
주식회사 태흥로프,2025-07-24,1026000,1128600,102600
주식회사 태흥로프,2025-07-24,304000,334400,30400
주식회사 태흥로프,2025-07-24,840000,924000,84000
주식회사 태흥로프,2025-07-24,304000,334400,30400
주식회사 태흥로프,2025-07-23,1375000,1512500,137500
미사산업사,2025-07-23,960762,1056838,96076
주식회사 태흥로프,2025-07-22,2434375,2677813,243438
주식회사 태흥로프,2025-07-22,1311000,1442100,131100
(주)성은산자,2025-07-18,113400,124740,11340
라인스포츠산업,2025-07-18,360000,396000,36000
주식회사 태흥로프,2025-07-18,1143800,1258180,114380
주식회사 태흥로프,2025-07-18,574000,631400,57400
미사산업사,2025-07-16,169050,185955,16905
(주)성은산자,2025-07-15,148000,162800,14800
주식회사 태흥로프,2025-07-15,246000,270600,24600
(주)성은산자,2025-07-14,129500,142450,12950
주식회사 태흥로프,2025-07-14,1314040,1445444,131404
주식회사 태흥로프,2025-07-14,912000,1003200,91200
주식회사 태흥로프,2025-07-14,1189000,1307900,118900
주식회사 태흥로프,2025-07-14,1548500,1703350,154850
주식회사 태흥로프,2025-07-10,1681000,1849100,168100
(주)동서로프산업,2025-07-10,1262625,1388888,126263
주식회사 태흥로프,2025-07-09,2277200,2504920,227720
주식회사 태흥로프,2025-07-09,969000,1065900,96900
주식회사 태흥로프,2025-07-08,207000,227700,20700
미호골프산업사,2025-07-08,543420,597762,54342
주식회사 태흥로프,2025-07-08,1312500,1443750,131250
주식회사 태흥로프,2025-07-04,1235000,1358500,123500
주식회사 태흥로프,2025-07-04,2875000,3162500,287500
(주)창조티지아이,2025-07-04,4135200,4548720,413520
주식회사 태흥로프,2025-07-04,1640650,1804715,164065
주식회사 태흥로프,2025-07-04,410000,451000,41000
라인스포츠산업,2025-07-04,514800,566280,51480
주식회사 태흥로프,2025-07-03,285000,313500,28500
주식회사 태흥로프,2025-07-03,242250,266475,24225
라인스포츠산업,2025-07-02,3190000,3509000,319000
주식회사 태흥로프,2025-07-02,565800,622380,56580
(주)동서로프산업,2025-07-02,11200000,12320000,1120000
(주)성은산자,2025-07-01,32400,35640,3240
미사산업사,2025-07-01,2490000,2739000,249000
주식회사 태흥로프,2025-06-30,2254045,2479450,225405
(주)성은산자,2025-06-27,112500,123750,11250
주식회사 태흥로프,2025-06-27,1599000,1758900,159900
주식회사 태흥로프,2025-06-27,129500,142450,12950
주식회사 태흥로프,2025-06-26,444850,489335,44485
주식회사 태흥로프,2025-06-26,798000,877800,79800
라인스포츠산업,2025-06-24,3042000,3346200,304200
(주)성은산자,2025-06-24,138800,152680,13880
미사산업사,2025-06-23,1935000,2128500,193500
주식회사 태흥로프,2025-06-23,525000,577500,52500
(주)성은산자,2025-06-23,1050000,1155000,105000
(주)성은산자,2025-06-20,108000,118800,10800
주식회사 태흥로프,2025-06-20,1890000,2079000,189000
주식회사 태흥로프,2025-06-20,85500,94050,8550
미래산업,2025-06-17,1767200,1943920,176720
주식회사 태흥로프,2025-06-17,2311260,2542386,231126
라인스포츠산업,2025-06-16,236250,259875,23625
주식회사 태흥로프,2025-06-16,492000,541200,49200
주식회사 태흥로프,2025-06-13,97500,107250,9750
주식회사 태흥로프,2025-06-13,185000,203500,18500
주식회사 태흥로프,2025-06-11,5980600,6578660,598060
주식회사 태흥로프,2025-06-11,638400,702240,63840
주식회사 태흥로프,2025-06-11,2555385,2810924,255539
주식회사 태흥로프,2025-06-11,61500,67650,6150
주식회사 태흥로프,2025-06-10,1785000,1963500,178500
주식회사 태흥로프,2025-06-10,84000,92400,8400
주식회사 태흥로프,2025-06-10,615600,677160,61560
주식회사 태흥로프,2025-06-10,7032800,7736080,703280
주식회사 태흥로프,2025-06-10,687468,756215,68747
주식회사 태흥로프,2025-06-09,245480,270028,24548
(주)동서로프산업,2025-06-09,3060900,3366990,306090
주식회사 태흥로프,2025-06-09,369360,406296,36936
주식회사 태흥로프,2025-06-09,2042500,2246750,204250
주식회사 태흥로프,2025-06-09,184500,202950,18450
선진로프앤네트,2025-06-09,120000,132000,12000
라인스포츠산업,2025-06-05,104125,114538,10413
(주)동서로프산업,2025-06-05,9070000,9977000,907000
주식회사 태흥로프,2025-06-05,19500,21450,1950
주식회사 태흥로프,2025-06-04,152000,167200,15200
주식회사 태흥로프,2025-06-04,410000,451000,41000
주식회사 태흥로프,2025-06-04,2296000,2525600,229600
주식회사 태흥로프,2025-06-04,1580090,1738099,158009
라인스포츠산업,2025-06-04,2404500,2644950,240450
주식회사 태흥로프,2025-06-02,2671500,2938650,267150
선진로프앤네트,2025-05-29,820000,902000,82000
주식회사 태흥로프,2025-05-28,1064000,1170400,106400
주식회사 태흥로프,2025-05-28,3407875,3748663,340788
라인스포츠산업,2025-05-28,81180,89298,8118
주식회사 태흥로프,2025-05-27,786600,865260,78660
주식회사 태흥로프,2025-05-27,57000,62700,5700
(주)성은산자,2025-05-27,157500,173250,15750
주식회사 태흥로프,2025-05-27,665000,731500,66500
주식회사 태흥로프,2025-05-23,462106,508317,46211
주식회사 태흥로프,2025-05-23,799500,879450,79950
주식회사 태흥로프,2025-05-23,2130200,2343220,213020
(주)성은산자,2025-05-23,99900,109890,9990
주식회사 태흥로프,2025-05-22,4428000,4870800,442800
미사산업사,2025-05-22,294120,323532,29412
주식회사 태흥로프,2025-05-22,412300,453530,41230
라인스포츠산업,2025-05-22,1375050,1512555,137505
주식회사 태흥로프,2025-05-21,861000,947100,86100
(주)성은산자,2025-05-20,90000,99000,9000
(주)성은산자,2025-05-20,253750,279125,25375
(주)성은산자,2025-05-19,95000,104500,9500
주식회사 태흥로프,2025-05-19,697000,766700,69700
주식회사 태흥로프,2025-05-15,634830,698313,63483
주식회사 태흥로프,2025-05-15,570000,627000,57000
주식회사 태흥로프,2025-05-15,123000,135300,12300
주식회사 태흥로프,2025-05-15,3995400,4394940,399540
주식회사 태흥로프,2025-05-15,3659400,4025340,365940
주식회사 태흥로프,2025-05-14,554800,610280,55480
주식회사 태흥로프,2025-05-14,954000,1049400,95400
(주)성은산자,2025-05-14,185000,203500,18500
주식회사 태흥로프,2025-05-14,2844300,3128730,284430
주식회사 태흥로프,2025-05-12,2458500,2704350,245850
주식회사 태흥로프,2025-05-12,487500,536250,48750
주식회사 태흥로프,2025-05-12,92500,101750,9250
라인스포츠산업,2025-05-12,162900,179190,16290
주식회사 태흥로프,2025-05-09,1150000,1265000,115000
주식회사 태흥로프,2025-05-09,1120000,1232000,112000
라인스포츠산업,2025-05-09,497300,547030,49730
주식회사 태흥로프,2025-05-08,180000,198000,18000
주식회사 태흥로프,2025-05-08,304000,334400,30400
주식회사 태흥로프,2025-05-08,427500,470250,42750
주식회사 태흥로프,2025-05-08,1470000,1617000,147000
주식회사 태흥로프,2025-05-08,225000,247500,22500
라인스포츠산업,2025-05-07,772720,849992,77272
(주)성은산자,2025-05-07,195000,214500,19500
주식회사 태흥로프,2025-05-07,21000,23100,2100
주식회사 태흥로프,2025-05-02,550000,605000,55000
주식회사 태흥로프,2025-05-02,885500,974050,88550
(주)동서로프산업,2025-05-02,8800000,9680000,880000
주식회사 태흥로프,2025-05-02,864000,950400,86400
미호골프산업사,2025-04-30,1722550,1894805,172255
주식회사 태흥로프,2025-04-30,216000,237600,21600
(주)성은산자,2025-04-30,43200,47520,4320
미사산업사,2025-04-29,357975,393773,35798
미호골프산업사,2025-04-28,151200,166320,15120
라인스포츠산업,2025-04-28,1885500,2074050,188550
(주)성은산자,2025-04-25,128700,141570,12870
라인스포츠산업,2025-04-25,1071125,1178238,107113
미사산업사,2025-04-25,123200,135520,12320
(주)성은산자,2025-04-25,1369000,1505900,136900
효성상사,2025-04-24,800000,880000,80000
(주)성은산자,2025-04-24,111000,122100,11100
주식회사 태흥로프,2025-04-23,2460955,2707051,246096
주식회사 태흥로프,2025-04-23,380000,418000,38000
미사산업사,2025-04-21,5100000,5610000,510000
주식회사 태흥로프,2025-04-18,2163980,2380378,216398
미호골프산업사,2025-04-17,253900,279290,25390
주식회사 태흥로프,2025-04-17,134400,147840,13440
주식회사 태흥로프,2025-04-17,1129200,1242120,112920
주식회사 태흥로프,2025-04-17,2959780,3255759,295979
주식회사 태흥로프,2025-04-16,102500,112750,10250
주식회사 태흥로프,2025-04-16,63000,69300,6300
선진로프앤네트,2025-04-15,840000,924000,84000
주식회사 태흥로프,2025-04-15,57000,62700,5700
주식회사 태흥로프,2025-04-15,164000,180400,16400
미사산업사,2025-04-14,1640000,1804000,164000
라인스포츠산업,2025-04-14,304220,334642,30422
라인스포츠산업,2025-04-11,202950,223245,20295
선진로프앤네트,2025-04-11,420000,462000,42000
미사산업사,2025-04-11,1640000,1804000,164000
주식회사 태흥로프,2025-04-11,615000,676500,61500
주식회사 태흥로프,2025-04-11,258300,284130,25830
주식회사 태흥로프,2025-04-11,741000,815100,74100
주식회사 태흥로프,2025-04-10,41000,45100,4100
주식회사 태흥로프,2025-04-10,647185,711904,64719
주식회사 태흥로프,2025-04-10,3584000,3942400,358400
라인스포츠산업,2025-04-09,1379400,1517340,137940
주식회사 태흥로프,2025-04-09,2612500,2873750,261250
주식회사 태흥로프,2025-04-09,123000,135300,12300
주식회사 태흥로프,2025-04-09,392000,431200,39200
(주)창조티지아이,2025-04-08,1080000,1188000,108000
주식회사 태흥로프,2025-04-08,1003200,1103520,100320
주식회사 태흥로프,2025-04-07,427500,470250,42750
주식회사 태흥로프,2025-04-07,623200,685520,62320
주식회사 태흥로프,2025-04-03,95000,104500,9500
주식회사 태흥로프,2025-04-03,1049600,1154560,104960
주식회사 태흥로프,2025-04-02,699200,769120,69920
라인스포츠산업,2025-04-01,348500,383350,34850
주식회사 태흥로프,2025-04-01,972800,1070080,97280
라인스포츠산업,2025-03-31,162000,178200,16200
주식회사 태흥로프,2025-03-31,330000,363000,33000
선진로프앤네트,2025-03-28,860000,946000,86000
주식회사 태흥로프,2025-03-28,576000,633600,57600
주식회사 태흥로프,2025-03-28,4397950,4837745,439795
라인스포츠산업,2025-03-27,364800,401280,36480
주식회사 태흥로프,2025-03-26,250100,275110,25010
주식회사 태흥로프,2025-03-26,75000,82500,7500
주식회사 태흥로프,2025-03-25,520000,572000,52000
미사산업사,2025-03-24,12285000,13513500,1228500
주식회사 태흥로프,2025-03-24,15759375,17335313,1575938
주식회사 태흥로프,2025-03-24,5125000,5637500,512500
라인스포츠산업,2025-03-24,112750,124025,11275
주식회사 태흥로프,2025-03-20,2232890,2456179,223289
(주)창조티지아이,2025-03-20,329000,361900,32900
라인스포츠산업,2025-03-20,165000,181500,16500
미사산업사,2025-03-20,787500,866250,78750
주식회사 태흥로프,2025-03-20,3555000,3910500,355500
라인스포츠산업,2025-03-19,2804775,3085253,280478
주식회사 태흥로프,2025-03-19,610500,671550,61050
미호골프산업사,2025-03-19,529200,582120,52920
주식회사 태흥로프,2025-03-19,185000,203500,18500
(주)성은산자,2025-03-19,14952600,16447860,1495260
주식회사 태흥로프,2025-03-18,912000,1003200,91200
(주)동서로프산업,2025-03-18,3720000,4092000,372000
주식회사 태흥로프,2025-03-17,36000,39600,3600
주식회사 태흥로프,2025-03-14,598500,658350,59850
주식회사 태흥로프,2025-03-14,798000,877800,79800
(주)동서로프산업,2025-03-13,2242000,2466200,224200
미사산업사,2025-03-12,1640000,1804000,164000
미호골프산업사,2025-03-11,1875300,2062830,187530
라인스포츠산업,2025-03-11,721600,793760,72160
주식회사 태흥로프,2025-03-10,541200,595320,54120
주식회사 태흥로프,2025-03-07,50400,55440,5040
주식회사 태흥로프,2025-03-07,608000,668800,60800
주식회사 태흥로프,2025-03-06,557050,612755,55705
주식회사 태흥로프,2025-03-06,-247000,-271700,-24700
주식회사 태흥로프,2025-03-06,1254000,1379400,125400
주식회사 태흥로프,2025-03-04,266000,292600,26600
주식회사 태흥로프,2025-03-04,608000,668800,60800
라인스포츠산업,2025-02-28,660900,726990,66090
주식회사 태흥로프,2025-02-27,810160,891176,81016
주식회사 태흥로프,2025-02-25,225225,247748,22523
주식회사 태흥로프,2025-02-24,63000,69300,6300
주식회사 태흥로프,2025-02-24,1312000,1443200,131200
주식회사 태흥로프,2025-02-24,332500,365750,33250
(주)동서로프산업,2025-02-20,860000,946000,86000
주식회사 태흥로프,2025-02-19,615000,676500,61500
주식회사 태흥로프,2025-02-19,2407940,2648734,240794
주식회사 태흥로프,2025-02-19,316500,348150,31650
주식회사 태흥로프,2025-02-18,36000,39600,3600
주식회사 태흥로프,2025-02-18,4249400,4674340,424940
주식회사 태흥로프,2025-02-17,526500,579150,52650
주식회사 태흥로프,2025-02-17,399000,438900,39900
주식회사 태흥로프,2025-02-14,273600,300960,27360
주식회사 태흥로프,2025-02-13,527670,580437,52767
(주)창조티지아이,2025-02-13,882000,970201,88201
(주)동서로프산업,2025-02-12,1680000,1848000,168000
(주)동서로프산업,2025-02-12,5394100,5933510,539410
주식회사 태흥로프,2025-02-11,612975,674273,61298
주식회사 태흥로프,2025-02-11,820000,902000,82000
주식회사 태흥로프,2025-02-11,400160,440176,40016
미호골프산업사,2025-02-07,299700,329670,29970
(주)동서로프산업,2025-02-07,9600000,10560000,960000
라인스포츠산업,2025-02-07,1178550,1296405,117855
주식회사 태흥로프,2025-02-07,1258980,1384878,125898
주식회사 태흥로프,2025-02-04,2152500,2367750,215250
주식회사 태흥로프,2025-02-04,1425000,1567500,142500
주식회사 태흥로프,2025-02-04,615000,676500,61500
라인스포츠산업,2025-02-04,1648200,1813020,164820
라인스포츠산업,2025-02-03,6991200,7690320,699120
효성상사,2025-02-03,1840000,2024000,184000
주식회사 태흥로프,2025-02-03,1102500,1212750,110250
주식회사 태흥로프,2025-02-03,91800,100980,9180
주식회사 태흥로프,2025-02-03,54600,60060,5460
미사산업사,2025-02-03,11430475,12573524,1143049
라인스포츠산업,2025-01-23,1546200,1700820,154620
라인스포츠산업,2025-01-23,660000,726000,66000
주식회사 태흥로프,2025-01-23,1230000,1353000,123000
(주)창조티지아이,2025-01-21,6662250,7328475,666225
주식회사 태흥로프,2025-01-21,2072000,2279200,207200
주식회사 태흥로프,2025-01-21,3952000,4347200,395200
주식회사 태흥로프,2025-01-17,666945,733640,66695
미사산업사,2025-01-17,12143025,13357329,1214304
주식회사 태흥로프,2025-01-09,399000,438900,39900
(주)동서로프산업,2025-01-08,9600000,10560000,960000
주식회사 태흥로프,2025-01-08,430500,473550,43050
주식회사 태흥로프,2025-01-06,303660,334026,30366
주식회사 태흥로프,2025-01-06,21060,23166,2106
주식회사 태흥로프,2025-01-03,419100,461010,41910
라인스포츠산업,2025-01-03,2338400,2572240,233840
주식회사 태흥로프,2024-12-31,-612000,-673200,-61200
주식회사 태흥로프,2024-12-30,1891800,2080980,189180
주식회사 태흥로프,2024-12-30,234000,257400,23400
주식회사 태흥로프,2024-12-27,-513000,-564300,-51300
주식회사 태흥로프,2024-12-27,254160,279576,25416
주식회사 태흥로프,2024-12-26,-190000,-209000,-19000
미본골프산업사,2024-12-26,37000,40700,3700
주식회사 태흥로프,2024-12-26,1140000,1254000,114000
미사산업사,2024-12-26,165480,182028,16548
주식회사 태흥로프,2024-12-24,1368000,1504800,136800
주식회사 태흥로프,2024-12-24,36900,40590,3690
주식회사 태흥로프,2024-12-23,27000,29700,2700
주식회사 태흥로프,2024-12-23,2250000,2475000,225000
라인스포츠산업,2024-12-23,1983980,2182378,198398
주식회사 태흥로프,2024-12-23,50400,55440,5040
최상호골프산업,2024-12-23,3872000,4259200,387200
주식회사 태흥로프,2024-12-20,663000,729300,66300
주식회사 태흥로프,2024-12-20,228000,250800,22800
(주)동서로프산업,2024-12-19,8797000,9676700,879700
(주)동서로프산업,2024-12-19,7060400,7766440,706040
라인스포츠산업,2024-12-19,446000,490600,44600
주식회사 태흥로프,2024-12-19,1748000,1922800,174800
주식회사 태흥로프,2024-12-18,30000,33000,3000
라인스포츠산업,2024-12-17,4699800,5169780,469980
주식회사 태흥로프,2024-12-16,-175750,-193325,-17575
주식회사 태흥로프,2024-12-16,178200,196020,17820
주식회사 태흥로프,2024-12-16,3387800,3726580,338780
주식회사 태흥로프,2024-12-16,338250,372075,33825
주식회사 태흥로프,2024-12-13,651525,716677,65152
주식회사 태흥로프,2024-12-10,1858250,2044075,185825
라인스포츠산업,2024-12-10,1672800,1840080,167280
주식회사 태흥로프,2024-12-09,345600,380160,34560
주식회사 태흥로프,2024-12-06,570000,627000,57000
주식회사 태흥로프,2024-12-06,396000,435600,39600
주식회사 태흥로프,2024-12-06,942400,1036640,94240
주식회사 태흥로프,2024-12-04,3420000,3762000,342000
주식회사 태흥로프,2024-12-04,228000,250800,22800
주식회사 태흥로프,2024-12-03,182040,200244,18204
미래산업,2024-12-02,405000,445500,40500
주식회사 태흥로프,2024-12-02,1824425,2006868,182443
미본골프산업사,2024-12-02,148000,162800,14800
주식회사 태흥로프,2024-12-02,199500,219450,19950
라인스포츠산업,2024-11-29,2328725,2561598,232873
주식회사 태흥로프,2024-11-28,237500,261250,23750
주식회사 태흥로프,2024-11-28,304000,334400,30400
주식회사 태흥로프,2024-11-26,912000,1003200,91200
주식회사 태흥로프,2024-11-26,190000,209000,19000
주식회사 태흥로프,2024-11-25,820000,902000,82000
주식회사 태흥로프,2024-11-25,1254000,1379400,125400
주식회사 태흥로프,2024-11-25,1219800,1341780,121980
주식회사 태흥로프,2024-11-25,252000,277200,25200
주식회사 태흥로프,2024-11-22,42000,46200,4200
라인스포츠산업,2024-11-22,208250,229075,20825
주식회사 태흥로프,2024-11-21,-119700,-131670,-11970
주식회사 태흥로프,2024-11-21,1041250,1145375,104125
주식회사 태흥로프,2024-11-21,2562500,2818750,256250
주식회사 태흥로프,2024-11-19,2624000,2886400,262400
라인스포츠산업,2024-11-18,3961000,4357100,396100
주식회사 태흥로프,2024-11-18,1110500,1221551,111051
주식회사 태흥로프,2024-11-18,1623600,1785960,162360
미본골프산업사,2024-11-18,37000,40700,3700
(주)동서로프산업,2024-11-18,13600000,14960000,1360000
선진로프앤네트,2024-11-18,148000,162800,14800
선진로프앤네트,2024-11-15,420000,462000,42000
(주)창조티지아이,2024-11-14,1071000,1178100,107100
주식회사 태흥로프,2024-11-14,123000,135300,12300
주식회사 태흥로프,2024-11-14,421800,463980,42180
주식회사 태흥로프,2024-11-14,111000,122100,11100
주식회사 태흥로프,2024-11-14,798000,877800,79800
주식회사 태흥로프,2024-11-13,14003550,15403905,1400355
주식회사 태흥로프,2024-11-12,8402500,9242750,840250
주식회사 태흥로프,2024-11-12,1058670,1164537,105867
주식회사 태흥로프,2024-11-12,266000,292600,26600
주식회사 태흥로프,2024-11-12,1292000,1421200,129200
주식회사 태흥로프,2024-11-11,1927500,2120250,192750
라인스포츠산업,2024-11-11,4604500,5064950,460450
주식회사 태흥로프,2024-11-11,834100,917510,83410
주식회사 태흥로프,2024-11-11,1537500,1691250,153750
주식회사 태흥로프,2024-11-11,741000,815100,74100
선진로프앤네트,2024-11-07,1720000,1892000,172000
주식회사 태흥로프,2024-11-07,516600,568260,51660
미사산업사,2024-11-07,952560,1047816,95256
주식회사 태흥로프,2024-11-07,760000,836000,76000
주식회사 태흥로프,2024-11-06,108000,118800,10800
주식회사 태흥로프,2024-11-05,-95000,-104500,-9500
주식회사 태흥로프,2024-11-05,783100,861410,78310
주식회사 태흥로프,2024-11-05,4291500,4720650,429150
주식회사 태흥로프,2024-11-05,294000,323400,29400
주식회사 태흥로프,2024-11-05,245100,269610,24510
주식회사 태흥로프,2024-11-05,760000,836000,76000
주식회사 태흥로프,2024-11-05,576050,633655,57605
주식회사 태흥로프,2024-11-04,943000,1037300,94300
주식회사 태흥로프,2024-11-04,1132400,1245640,113240
주식회사 태흥로프,2024-11-01,92500,101750,9250
주식회사 태흥로프,2024-10-29,798000,877800,79800
주식회사 태흥로프,2024-10-29,256500,282150,25650
주식회사 태흥로프,2024-10-29,328000,360800,32800
라인스포츠산업,2024-10-28,2313375,2544713,231338
주식회사 태흥로프,2024-10-24,-152000,-167200,-15200
주식회사 태흥로프,2024-10-23,332500,365750,33250
주식회사 태흥로프,2024-10-23,-3435200,-3778720,-343520
주식회사 태흥로프,2024-10-23,2952000,3247200,295200
주식회사 태흥로프,2024-10-22,30000,33000,3000
(주)창조티지아이,2024-10-22,3335400,3668940,333540
주식회사 태흥로프,2024-10-22,120000,132000,12000
주식회사 태흥로프,2024-10-22,777600,855360,77760
선진로프앤네트,2024-10-17,820000,902000,82000
주식회사 태흥로프,2024-10-17,729600,802560,72960
주식회사 태흥로프,2024-10-17,652500,717750,65250
주식회사 태흥로프,2024-10-17,326800,359480,32680
주식회사 태흥로프,2024-10-15,-1340450,-1474495,-134045
주식회사 태흥로프,2024-10-15,-1045000,-1149500,-104500
(주)창조티지아이,2024-10-15,6440400,7084440,644040
주식회사 태흥로프,2024-10-14,29250,32175,2925
라인스포츠산업,2024-10-14,399600,439560,39960
주식회사 태흥로프,2024-10-14,1201000,1321100,120100
주식회사 태흥로프,2024-10-14,3380820,3718902,338082
주식회사 태흥로프,2024-10-11,136800,150480,13680
주식회사 태흥로프,2024-10-10,8624700,9487170,862470
주식회사 태흥로프,2024-10-10,210000,231000,21000
주식회사 태흥로프,2024-10-08,168750,185625,16875
선진로프앤네트,2024-10-08,44400,48840,4440
선진로프앤네트,2024-10-07,1110000,1221000,111000
주식회사 태흥로프,2024-10-07,369000,405900,36900
주식회사 태흥로프,2024-10-04,3891700,4280870,389170
주식회사 태흥로프,2024-10-04,1476000,1623600,147600
라인스포츠산업,2024-10-02,39375,43313,3938
주식회사 태흥로프,2024-10-02,162750,179025,16275
주식회사 태흥로프,2024-10-02,152000,167200,15200
주식회사 태흥로프,2024-10-02,891750,980925,89175
주식회사 태흥로프,2024-10-02,882525,970778,88253
(주)동서로프산업,2024-09-30,2400000,2640000,240000
주식회사 태흥로프,2024-09-30,-3040000,-3344000,-304000
주식회사 태흥로프,2024-09-26,532000,585200,53200
주식회사 태흥로프,2024-09-26,369000,405900,36900
주식회사 태흥로프,2024-09-26,665000,731500,66500
주식회사 태흥로프,2024-09-24,11628000,12790800,1162800
주식회사 태흥로프,2024-09-24,1926600,2119260,192660
라인스포츠산업,2024-09-24,637200,700920,63720
주식회사 태흥로프,2024-09-23,984000,1082400,98400
미사산업사,2024-09-23,2540000,2794000,254000
(주)창조티지아이,2024-09-20,3711600,4082760,371160
주식회사 태흥로프,2024-09-20,678300,746130,67830
주식회사 태흥로프,2024-09-20,125050,137555,12505
주식회사 태흥로프,2024-09-19,11628000,12790800,1162800
주식회사 태흥로프,2024-09-19,4339930,4773923,433993
주식회사 태흥로프,2024-09-19,450000,495000,45000
주식회사 태흥로프,2024-09-13,1299600,1429560,129960
주식회사 태흥로프,2024-09-13,2131800,2344980,213180
(주)동서로프산업,2024-09-12,1800000,1980000,180000
주식회사 태흥로프,2024-09-12,380000,418000,38000
주식회사 태흥로프,2024-09-12,2029100,2232010,202910
주식회사 태흥로프,2024-09-12,323000,355300,32300
주식회사 태흥로프,2024-09-11,912000,1003200,91200
주식회사 태흥로프,2024-09-09,15000,16500,1500
(주)창조티지아이,2024-09-09,2772000,3049200,277200
주식회사 태흥로프,2024-09-06,310800,341880,31080
주식회사 태흥로프,2024-09-06,228000,250800,22800
주식회사 태흥로프,2024-09-06,6650000,7315000,665000
주식회사 태흥로프,2024-09-06,84000,92400,8400
주식회사 태흥로프,2024-09-06,770525,847578,77053
라인스포츠산업,2024-09-05,2408880,2649768,240888
주식회사 태흥로프,2024-09-05,380000,418000,38000
주식회사 태흥로프,2024-09-05,1340100,1474110,134010
주식회사 태흥로프,2024-09-04,684000,752400,68400
주식회사 태흥로프,2024-09-04,1263600,1389960,126360
주식회사 태흥로프,2024-09-04,246000,270600,24600
주식회사 태흥로프,2024-09-03,883500,971850,88350
주식회사 태흥로프,2024-09-03,256250,281875,25625
주식회사 태흥로프,2024-09-03,3572000,3929200,357200
주식회사 태흥로프,2024-09-02,563750,620125,56375
미사산업사,2024-09-02,28000,30800,2800
(주)창조티지아이,2024-08-30,23443200,25787520,2344320
주식회사 태흥로프,2024-08-30,152100,167310,15210
주식회사 태흥로프,2024-08-30,380000,418000,38000
주식회사 태흥로프,2024-08-28,798000,877800,79800
미사산업사,2024-08-28,1535386,1688925,153539
미본골프산업사,2024-08-28,1728000,1900800,172800
주식회사 태흥로프,2024-08-27,57000,62700,5700
주식회사 태흥로프,2024-08-27,932750,1026025,93275
미본골프산업사,2024-08-27,129000,141900,12900
주식회사 태흥로프,2024-08-26,60000,66000,6000
미본골프산업사,2024-08-26,4242800,4667080,424280
주식회사 태흥로프,2024-08-26,307500,338250,30750
(주)창조티지아이,2024-08-26,10530000,11583000,1053000
주식회사 태흥로프,2024-08-23,223440,245784,22344
주식회사 태흥로프,2024-08-23,492000,541200,49200
주식회사 태흥로프,2024-08-22,81000,89100,8100
주식회사 태흥로프,2024-08-22,492000,541200,49200
주식회사 태흥로프,2024-08-22,949000,1043900,94900
주식회사 태흥로프,2024-08-22,1406000,1546600,140600
주식회사 태흥로프,2024-08-21,1817400,1999140,181740
주식회사 태흥로프,2024-08-20,448400,493240,44840
주식회사 태흥로프,2024-08-20,3286620,3615282,328662
주식회사 태흥로프,2024-08-19,214020,235422,21402
주식회사 태흥로프,2024-08-19,3089800,3398780,308980
주식회사 태흥로프,2024-08-19,865065,951572,86507
라인스포츠산업,2024-08-19,342000,376200,34200
미사산업사,2024-08-19,4612000,5073200,461200
주식회사 태흥로프,2024-08-16,456000,501600,45600
(주)동서로프산업,2024-08-14,4000000,4400000,400000
주식회사 태흥로프,2024-08-14,15000,16500,1500
미본골프산업사,2024-08-14,288600,317460,28860
주식회사 태흥로프,2024-08-14,724000,796400,72400
주식회사 태흥로프,2024-08-13,15000,16500,1500
주식회사 태흥로프,2024-08-13,638400,702240,63840
주식회사 태흥로프,2024-08-12,1010240,1111264,101024
주식회사 태흥로프,2024-08-12,45600,50160,4560
주식회사 태흥로프,2024-08-12,717500,789250,71750
주식회사 태흥로프,2024-08-12,2121750,2333925,212175
주식회사 태흥로프,2024-08-09,12600,13860,1260
주식회사 태흥로프,2024-08-09,3488000,3836800,348800
주식회사 태흥로프,2024-08-09,342000,376200,34200
주식회사 태흥로프,2024-08-08,3128755,3441631,312876
(주)동서로프산업,2024-08-08,800000,880000,80000
주식회사 태흥로프,2024-08-07,582000,640200,58200
주식회사 태흥로프,2024-08-07,1375600,1513160,137560
주식회사 태흥로프,2024-08-07,205000,225500,20500
주식회사 태흥로프,2024-08-07,1155200,1270720,115520
주식회사 태흥로프,2024-08-06,5104500,5614950,510450
라인스포츠산업,2024-08-06,912000,1003200,91200
주식회사 태흥로프,2024-08-06,855000,940500,85500
주식회사 태흥로프,2024-08-05,1610100,1771110,161010
주식회사 태흥로프,2024-08-05,61050,67155,6105
주식회사 태흥로프,2024-08-05,1512750,1664025,151275
주식회사 태흥로프,2024-08-05,1282500,1410750,128250
주식회사 태흥로프,2024-07-29,935000,1028500,93500
주식회사 태흥로프,2024-07-29,293150,322465,29315
주식회사 태흥로프,2024-07-29,2097590,2307349,209759
미래산업,2024-07-29,5705000,6275500,570500
주식회사 태흥로프,2024-07-26,1066000,1172600,106600
라인스포츠산업,2024-07-26,2462000,2708200,246200
미본골프산업사,2024-07-25,192345,211580,19235
주식회사 태흥로프,2024-07-25,25200,27720,2520
(주)창조티지아이,2024-07-25,907750,998525,90775
주식회사 태흥로프,2024-07-25,156000,171600,15600
주식회사 태흥로프,2024-07-25,1820000,2002000,182000
주식회사 태흥로프,2024-07-25,1383000,1521300,138300
(주)동서로프산업,2024-07-24,18553400,20408740,1855340
라인스포츠산업,2024-07-24,429000,471900,42900
주식회사 태흥로프,2024-07-24,44770,49247,4477
선진로프앤네트,2024-07-23,820000,902000,82000
주식회사 태흥로프,2024-07-22,2506000,2756600,250600
주식회사 태흥로프,2024-07-22,2755200,3030720,275520
미본골프산업사,2024-07-19,84600,93060,8460
주식회사 태흥로프,2024-07-18,657025,722728,65703
주식회사 태흥로프,2024-07-18,9450000,10395000,945000
주식회사 태흥로프,2024-07-18,135000,148500,13500
주식회사 태흥로프,2024-07-18,6727800,7400580,672780
주식회사 태흥로프,2024-07-18,738000,811800,73800
주식회사 태흥로프,2024-07-17,399000,438900,39900
주식회사 태흥로프,2024-07-16,815100,896610,81510
주식회사 태흥로프,2024-07-16,684000,752400,68400
라인스포츠산업,2024-07-15,2861950,3148146,286196
주식회사 태흥로프,2024-07-15,1064000,1170400,106400
미본골프산업사,2024-07-15,527680,580448,52768
주식회사 태흥로프,2024-07-12,2860800,3146880,286080
주식회사 태흥로프,2024-07-11,2314000,2545400,231400
주식회사 태흥로프,2024-07-10,190000,209000,19000
주식회사 태흥로프,2024-07-10,209040,229944,20904
미래산업,2024-07-10,95000,104500,9500
주식회사 태흥로프,2024-07-09,1482000,1630200,148200
미사산업사,2024-07-09,1701700,1871870,170170
주식회사 태흥로프,2024-07-08,912000,1003200,91200
주식회사 태흥로프,2024-07-08,1465200,1611720,146520
라인스포츠산업,2024-07-08,3560850,3916935,356085
주식회사 태흥로프,2024-07-08,285000,313500,28500
라인스포츠산업,2024-07-04,3828000,4210800,382800
주식회사 태흥로프,2024-07-03,46250,50875,4625
주식회사 태흥로프,2024-07-02,1026000,1128600,102600
라인스포츠산업,2024-07-02,635500,699050,63550
주식회사 태흥로프,2024-07-01,3008840,3309724,300884
주식회사 태흥로프,2024-07-01,1672000,1839200,167200
주식회사 태흥로프,2024-07-01,76300,83930,7630
주식회사 태흥로프,2024-07-01,252000,277200,25200
주식회사 태흥로프,2024-06-28,237600,261360,23760
주식회사 태흥로프,2024-06-28,923400,1015740,92340
주식회사 태흥로프,2024-06-28,648000,712800,64800
(주)창조티지아이,2024-06-28,1996495,2196145,199650
미본골프산업사,2024-06-27,551700,606870,55170
주식회사 태흥로프,2024-06-27,156000,171600,15600
주식회사 태흥로프,2024-06-27,280650,308715,28065
주식회사 태흥로프,2024-06-26,2198300,2418130,219830
주식회사 태흥로프,2024-06-24,379620,417582,37962
주식회사 태흥로프,2024-06-21,2664000,2930400,266400
라인스포츠산업,2024-06-21,1483900,1632290,148390
(주)동서로프산업,2024-06-20,14400000,15840000,1440000
라인스포츠산업,2024-06-20,151200,166320,15120
미본골프산업사,2024-06-19,2553400,2808740,255340
주식회사 태흥로프,2024-06-19,679024,746926,67902
라인스포츠산업,2024-06-19,745500,820050,74550
주식회사 태흥로프,2024-06-19,932750,1026025,93275
주식회사 태흥로프,2024-06-18,684000,752400,68400
주식회사 태흥로프,2024-06-18,1659000,1824900,165900
주식회사 태흥로프,2024-06-17,2046300,2250930,204630
주식회사 태흥로프,2024-06-17,324000,356400,32400
라인스포츠산업,2024-06-14,1392400,1531640,139240
주식회사 태흥로프,2024-06-13,1197000,1316700,119700
주식회사 태흥로프,2024-06-13,237300,261030,23730
주식회사 태흥로프,2024-06-13,1330000,1463000,133000
미사산업사,2024-06-13,90000,99000,9000
미사산업사,2024-06-12,1640000,1804000,164000
미사산업사,2024-06-11,96600,106260,9660
주식회사 태흥로프,2024-06-10,980500,1078550,98050
주식회사 태흥로프,2024-06-10,95000,104500,9500
주식회사 태흥로프,2024-06-07,1254000,1379400,125400
라인스포츠산업,2024-06-07,856900,942590,85690
주식회사 태흥로프,2024-06-05,790400,869440,79040
주식회사 태흥로프,2024-06-05,65100,71610,6510
주식회사 태흥로프,2024-06-04,95380,104918,9538
미사산업사,2024-06-04,820000,902000,82000
주식회사 태흥로프,2024-06-03,1062100,1168310,106210
주식회사 태흥로프,2024-06-03,97500,107250,9750
주식회사 태흥로프,2024-06-03,790400,869440,79040
주식회사 태흥로프,2024-06-03,553500,608850,55350
(주)창조티지아이,2024-06-03,8452800,9298080,845280
주식회사 태흥로프,2024-05-30,264100,290510,26410
(주)동서로프산업,2024-05-30,12329400,13562340,1232940
주식회사 태흥로프,2024-05-30,2279400,2507340,227940
주식회사 태흥로프,2024-05-27,12312000,13543200,1231200
라인스포츠산업,2024-05-27,225500,225500,0
주식회사 태흥로프,2024-05-24,164000,180400,16400
(주)동서로프산업,2024-05-24,9600000,10560000,960000
주식회사 태흥로프,2024-05-23,235600,259160,23560
주식회사 태흥로프,2024-05-22,9013000,9914300,901300
태선 로지스틱스,2024-05-21,13369100,14706010,1336910
주식회사 태흥로프,2024-05-20,2280000,2508000,228000
주식회사 태흥로프,2024-05-20,912000,1003200,91200
(주)창조티지아이,2024-05-20,225000,247500,22500
주식회사 태흥로프,2024-05-13,598500,658350,59850
주식회사 태흥로프,2024-05-13,191400,210540,19140
미사산업사,2024-05-13,820000,902000,82000
주식회사 태흥로프,2024-05-10,74000,81400,7400
주식회사 태흥로프,2024-05-09,95000,104500,9500
라인스포츠산업,2024-05-07,601440,601440,0
주식회사 태흥로프,2024-05-07,934800,1028280,93480
주식회사 태흥로프,2024-05-07,445875,490463,44588
(주)동서로프산업,2024-05-07,3200000,3520000,320000
주식회사 태흥로프,2024-05-07,10032000,11035200,1003200
(주)창조티지아이,2024-05-02,50000,55000,5000
(주)동서로프산업,2024-04-26,3200000,3520000,320000
주식회사 태흥로프,2024-04-26,1596000,1755600,159600
미본골프산업사,2024-04-24,288000,316800,28800
주식회사 태흥로프,2024-04-24,1596000,1755600,159600
라인스포츠산업,2024-04-24,4555800,5011380,455580
주식회사 태흥로프,2024-04-24,204000,224400,20400
주식회사 태흥로프,2024-04-23,1311000,1442100,131100
주식회사 태흥로프,2024-04-23,358750,394625,35875
주식회사 태흥로프,2024-04-23,11545150,12699666,1154516
라인스포츠산업,2024-04-19,142065,156272,14207
주식회사 태흥로프,2024-04-18,123000,135300,12300
주식회사 태흥로프,2024-04-16,77700,85470,7770
주식회사 태흥로프,2024-04-15,772850,850135,77285
주식회사 태흥로프,2024-04-12,873570,960927,87357
(주)동서로프산업,2024-04-12,3200000,3520000,320000
라인스포츠산업,2024-04-09,910000,1001000,91000
주식회사 태흥로프,2024-04-08,430750,473825,43075
라인스포츠산업,2024-04-08,773220,850542,77322
주식회사 태흥로프,2024-04-04,700000,770000,70000
주식회사 태흥로프,2024-04-04,3629150,3992065,362915
주식회사 태흥로프,2024-04-03,1640000,1804000,164000
주식회사 태흥로프,2024-04-02,418000,459800,41800
주식회사 태흥로프,2024-04-01,144000,158400,14400
라인스포츠산업,2024-04-01,588800,647680,58880
(주)창조티지아이,2024-04-01,150000,165000,15000
주식회사 태흥로프,2024-04-01,179550,197505,17955
(주)동서로프산업,2024-03-28,14677400,16145140,1467740
라인스포츠산업,2024-03-28,375300,412830,37530
주식회사 태흥로프,2024-03-28,228000,250800,22800
주식회사 태흥로프,2024-03-28,288600,317460,28860
주식회사 태흥로프,2024-03-28,70200,77220,7020
주식회사 태흥로프,2024-03-27,752400,827640,75240
주식회사 태흥로프,2024-03-25,630000,693000,63000
라인스포츠산업,2024-03-25,86400,95040,8640
주식회사 태흥로프,2024-03-25,2020200,2222220,202020
주식회사 태흥로프,2024-03-25,861840,948024,86184
주식회사 태흥로프,2024-03-21,950000,1045000,95000
미사산업사,2024-03-20,820000,902000,82000
라인스포츠산업,2024-03-20,1289500,1418450,128950
주식회사 태흥로프,2024-03-19,1292000,1421200,129200
미본골프산업사,2024-03-14,124875,137363,12488
주식회사 태흥로프,2024-03-13,798000,877800,79800
주식회사 태흥로프,2024-03-13,1400000,1540000,140000
(주)동서로프산업,2024-03-11,3440000,3784000,344000
라인스포츠산업,2024-03-11,1813500,1994850,181350
라인스포츠산업,2024-03-07,1153325,1268658,115333
(주)동서로프산업,2024-03-04,4140000,4554000,414000
주식회사 태흥로프,2024-03-04,292500,321750,29250
라인스포츠산업,2024-03-04,2323305,2555636,232331
라인스포츠산업,2024-03-04,2479550,2727505,247955
주식회사 태흥로프,2024-02-28,85800,94380,8580
(주)창조티지아이,2024-02-28,2010750,2211825,201075
주식회사 태흥로프,2024-02-28,1385800,1524380,138580
라인스포츠산업,2024-02-28,1648500,1813350,164850
주식회사 태흥로프,2024-02-27,1353000,1488300,135300
라인스포츠산업,2024-02-26,1027050,1129755,102705
미사산업사,2024-02-22,1640000,1804000,164000
라인스포츠산업,2024-02-21,1084125,1192538,108413
주식회사이글골프,2024-02-20,2000000,2200000,200000
라인스포츠산업,2024-02-19,1437160,1580876,143716
주식회사 태흥로프,2024-02-19,243750,268125,24375
주식회사 태흥로프,2024-02-19,1458200,1604020,145820
미본골프산업사,2024-02-19,18380800,20218880,1838080
주식회사 태흥로프,2024-02-15,557360,613096,55736
미본골프산업사,2024-02-14,189960,208956,18996
(주)창조티지아이,2024-02-14,58738775,64612653,5873878
주식회사 태흥로프,2024-02-14,717500,789250,71750
주식회사 태흥로프,2024-02-13,280000,308000,28000
주식회사 태흥로프,2024-02-07,378000,415800,37800
주식회사 태흥로프,2024-02-07,1131600,1244760,113160
주식회사 태흥로프,2024-02-07,1120000,1232000,112000
주식회사 태흥로프,2024-02-06,380000,418000,38000
주식회사 태흥로프,2024-02-06,237300,261030,23730
주식회사 태흥로프,2024-02-05,1181800,1299980,118180
라인스포츠산업,2024-02-05,162000,178200,16200
주식회사 태흥로프,2024-02-05,245100,269610,24510
주식회사 태흥로프,2024-02-02,126000,138600,12600
주식회사 태흥로프,2024-02-01,498750,548625,49875
라인스포츠산업,2024-02-01,8266250,9092875,826625
미본골프산업사,2024-01-25,132000,145200,13200
주식회사 태흥로프,2024-01-22,864000,950400,86400
라인스포츠산업,2024-01-19,893100,982410,89310
주식회사 태흥로프,2024-01-19,507000,557700,50700
주식회사 태흥로프,2024-01-18,742500,816750,74250
주식회사 태흥로프,2024-01-18,292500,321750,29250
(주)창조티지아이,2024-01-17,567450,624195,56745
주식회사 태흥로프,2024-01-15,510000,561000,51000
라인스포츠산업,2024-01-15,1300650,1430715,130065
라인스포츠산업,2024-01-12,799000,878900,79900
(주)창조티지아이,2024-01-11,150000,165000,15000
주식회사 태흥로프,2024-01-10,232200,255420,23220
라인스포츠산업,2024-01-08,749100,824011,74911
(주)동서로프산업,2024-01-08,3200000,3520000,320000
(주)창조티지아이,2024-01-08,2553400,2808740,255340
라인스포츠산업,2024-01-05,37680000,41448000,3768000
주식회사 태흥로프,2024-01-05,195000,214500,19500
주식회사 태흥로프,2024-01-04,292500,321750,29250
라인스포츠산업,2024-01-03,273000,300300,27300
주식회사 태흥로프,2024-01-03,702000,772200,70200
미본골프산업사,2024-01-02,17964000,19760400,1796400
(주)창조티지아이,2024-01-02,29811200,32792320,2981120
(주)창조티지아이,2023-12-28,11407000,12547700,1140700
주식회사 태흥로프,2023-12-28,39000,42900,3900
주식회사 태흥로프,2023-12-28,441000,485100,44100
주식회사 태흥로프,2023-12-27,1170000,1287000,117000
주식회사 태흥로프,2023-12-26,286000,314600,28600
주식회사 태흥로프,2023-12-26,75000,82500,7500
미사산업사,2023-12-22,1680000,1848000,168000
라인스포츠산업,2023-12-21,1096400,1206040,109640
주식회사 태흥로프,2023-12-21,296000,325600,29600
주식회사 태흥로프,2023-12-21,455000,500500,45500
(주)동서로프산업,2023-12-21,24370700,26807770,2437070
미본골프산업사,2023-12-20,240000,264000,24000
주식회사 태흥로프,2023-12-20,624000,686400,62400
(주)동서로프산업,2023-12-19,840000,924000,84000
라인스포츠산업,2023-12-19,493200,542520,49320
주식회사 태흥로프,2023-12-19,101400,111540,10140
주식회사 태흥로프,2023-12-15,616000,677600,61600
주식회사 태흥로프,2023-12-15,391900,431090,39190
주식회사 태흥로프,2023-12-15,1112000,1223200,111200
(주)창조티지아이,2023-12-14,2872960,3160256,287296
주식회사 태흥로프,2023-12-13,612000,673200,61200
(주)동서로프산업,2023-12-13,11600000,12760000,1160000
주식회사 태흥로프,2023-12-11,15963750,17560125,1596375
주식회사 태흥로프,2023-12-08,1737000,1910700,173700
(주)동서로프산업,2023-12-08,840000,924000,84000
국제통산,2023-12-08,30100000,33110000,3010000
라인스포츠산업,2023-12-07,4813050,5294355,481305
주식회사 태흥로프,2023-12-07,3672000,4039200,367200
주식회사 태흥로프,2023-12-07,1204600,1325060,120460
주식회사 태흥로프,2023-12-06,2973750,3271125,297375
주식회사 태흥로프,2023-12-05,1310400,1441440,131040
주식회사 태흥로프,2023-12-04,1188000,1306800,118800
주식회사 태흥로프,2023-12-01,270000,297000,27000
주식회사 태흥로프,2023-11-30,525000,577500,52500
주식회사 태흥로프,2023-11-30,324000,356400,32400
주식회사 태흥로프,2023-11-30,862200,948420,86220
주식회사 태흥로프,2023-11-30,1170000,1287000,117000
주식회사 태흥로프,2023-11-30,432000,475200,43200
라인스포츠산업,2023-11-30,217800,239580,21780
(주)창조티지아이,2023-11-28,1072500,1179750,107250
주식회사 태흥로프,2023-11-27,1004250,1104675,100425
주식회사 태흥로프,2023-11-27,2437200,2680920,243720
주식회사 태흥로프,2023-11-24,162000,178200,16200
라인스포츠산업,2023-11-24,285600,314160,28560
주식회사 태흥로프,2023-11-23,15000,16500,1500
주식회사 태흥로프,2023-11-23,176475,194123,17648
주식회사 태흥로프,2023-11-22,900000,990000,90000
주식회사 태흥로프,2023-11-22,108000,118800,10800
주식회사 태흥로프,2023-11-21,534250,587675,53425
미본골프산업사,2023-11-21,133000,146300,13300
주식회사 태흥로프,2023-11-20,60000,66000,6000
미사산업사,2023-11-20,1141200,1255320,114120
주식회사 태흥로프,2023-11-20,1373760,1511136,137376
주식회사 태흥로프,2023-11-16,1412900,1554190,141290
라인스포츠산업,2023-11-15,45000,49500,4500
주식회사 태흥로프,2023-11-15,34125,37538,3413
주식회사 태흥로프,2023-11-15,1296000,1425600,129600
주식회사 태흥로프,2023-11-15,7587450,8346195,758745
미본골프산업사,2023-11-14,1557200,1712920,155720
주식회사 태흥로프,2023-11-14,6772500,7449750,677250
주식회사 태흥로프,2023-11-13,1584000,1742400,158400
주식회사 태흥로프,2023-11-10,2340000,2574000,234000
라인스포츠산업,2023-11-10,1091700,1200870,109170
주식회사 태흥로프,2023-11-10,810000,891000,81000
주식회사 태흥로프,2023-11-09,13309125,14640038,1330913
주식회사 태흥로프,2023-11-09,23910900,26301990,2391090
주식회사 태흥로프,2023-11-09,3002400,3302640,300240
라인스포츠산업,2023-11-08,3279800,3607780,327980
주식회사 태흥로프,2023-11-08,31500,34650,3150
효성상사,2023-11-08,1640000,1804000,164000
미사산업사,2023-11-07,403200,443520,40320
주식회사 태흥로프,2023-11-03,4680000,5148000,468000
미사산업사,2023-11-03,886600,975260,88660
주식회사 태흥로프,2023-11-01,799500,879450,79950
(주)동서로프산업,2023-11-01,10080000,11088000,1008000
미사산업사,2023-11-01,1943200,2137520,194320
선진로프앤네트,2023-10-31,400000,440000,40000
주식회사 태흥로프,2023-10-27,456300,501930,45630
미사산업사,2023-10-27,1800000,1980000,180000
주식회사 태흥로프,2023-10-26,180000,198000,18000
주식회사 태흥로프,2023-10-25,1465800,1612380,146580
라인스포츠산업,2023-10-24,1142400,1256640,114240
주식회사 태흥로프,2023-10-24,50000,55000,5000
미사산업사,2023-10-24,1800000,1980000,180000
미사산업사,2023-10-23,1300500,1430550,130050
주식회사 태흥로프,2023-10-23,774000,851400,77400
미사산업사,2023-10-21,1800000,1980000,180000
주식회사 태흥로프,2023-10-20,1382400,1520640,138240
미본골프산업사,2023-10-18,108000,118800,10800
주식회사 태흥로프,2023-10-18,2333850,2567235,233385
주식회사 태흥로프,2023-10-17,1515000,1666500,151500
주식회사 태흥로프,2023-10-17,585000,643500,58500
주식회사 태흥로프,2023-10-17,299200,329120,29920
미본골프산업사,2023-10-16,1866600,2053260,186660
주식회사 태흥로프,2023-10-16,2574000,2831400,257400
라인스포츠산업,2023-10-13,370600,407660,37060
주식회사 태흥로프,2023-10-12,52500,57750,5250
주식회사 태흥로프,2023-10-12,102000,112200,10200
(주)동서로프산업,2023-10-12,13280000,14608000,1328000
라인스포츠산업,2023-10-11,603125,663438,60313
주식회사 태흥로프,2023-10-11,1638000,1801800,163800
라인스포츠산업,2023-10-06,1016400,1118040,101640
주식회사 태흥로프,2023-10-06,3528000,3880800,352800
주식회사 태흥로프,2023-10-06,1542000,1696200,154200
라인스포츠산업,2023-09-21,214500,235950,21450
(주)동서로프산업,2023-09-21,1453580,1598938,145358
주식회사 태흥로프,2023-09-20,153000,168300,15300
주식회사 태흥로프,2023-09-20,210000,231000,21000
선진로프앤네트,2023-09-20,800000,880000,80000
주식회사 태흥로프,2023-09-19,321750,353925,32175
라인스포츠산업,2023-09-19,172425,189668,17243
주식회사 태흥로프,2023-09-19,2488500,2737350,248850
(주)창조티지아이,2023-09-18,8395000,9234500,839500
주식회사 태흥로프,2023-09-18,1080000,1188000,108000
주식회사 태흥로프,2023-09-15,585000,643500,58500
효성상사,2023-09-14,949000,1041000,92000
주식회사 태흥로프,2023-09-13,222000,244200,22200
미사산업사,2023-09-13,1680000,1848000,168000
대호건설 주식회사,2023-09-12,2543000,2797300,254300
주식회사 태흥로프,2023-09-12,494100,543510,49410
주식회사 태흥로프,2023-09-11,1008000,1108800,100800
라인스포츠산업,2023-09-11,163200,179520,16320
주식회사 태흥로프,2023-09-11,35000,38500,3500
주식회사 태흥로프,2023-09-11,7389000,8127900,738900
주식회사 태흥로프,2023-09-08,128700,141570,12870
라인스포츠산업,2023-09-07,2122370,2334607,212237
주식회사 태흥로프,2023-09-06,180000,198000,18000
주식회사 태흥로프,2023-09-06,792000,871200,79200
라인스포츠산업,2023-09-01,1804000,1984400,180400
주식회사 태흥로프,2023-09-01,604800,665280,60480
주식회사 태흥로프,2023-08-30,1503000,1653300,150300
주식회사 태흥로프,2023-08-28,216000,237600,21600
주식회사 태흥로프,2023-08-28,1716000,1887600,171600
에이치에이치스퀘어,2023-08-26,174000,191400,17400
(주)창조티지아이,2023-08-25,20776900,22854590,2077690
주식회사 태흥로프,2023-08-25,1088000,1196800,108800
라인스포츠산업,2023-08-25,936000,1029600,93600
라인스포츠산업,2023-08-24,2451675,2696843,245168
주식회사 태흥로프,2023-08-24,136500,150150,13650
주식회사 태흥로프,2023-08-21,612000,673200,61200
주식회사 태흥로프,2023-08-21,648000,712800,64800
주식회사 태흥로프,2023-08-16,881600,969760,88160
주식회사 태흥로프,2023-08-14,126720,139392,12672
주식회사 태흥로프,2023-08-14,3334500,3667950,333450
주식회사 태흥로프,2023-08-14,877500,965250,87750
주식회사 태흥로프,2023-08-14,816000,897600,81600
주식회사 태흥로프,2023-08-14,2098800,2308680,209880
맥스건설 합자회사,2023-08-11,189030,207933,18903
주식회사 태흥로프,2023-08-10,3168000,3484800,316800
주식회사 태흥로프,2023-08-09,270000,297000,27000
주식회사 태흥로프,2023-08-09,324000,356400,32400
주식회사 태흥로프,2023-08-08,432000,475200,43200
주식회사 태흥로프,2023-08-08,252000,277200,25200
라인스포츠산업,2023-08-08,1097150,1206865,109715
주식회사 태흥로프,2023-08-07,162000,178200,16200
주식회사 태흥로프,2023-08-04,864000,950400,86400
맥스건설 합자회사,2023-08-03,141263,155389,14126
미본골프산업사,2023-08-02,306000,336600,30600
주식회사 태흥로프,2023-08-02,518400,570240,51840
디자이너,2023-08-01,704000,774400,70400
주식회사 태흥로프,2023-07-31,1183300,1301630,118330
(주)창조티지아이,2023-07-26,1039140,1143054,103914
주식회사 태흥로프,2023-07-26,3736200,4109820,373620
주식회사 태흥로프,2023-07-26,117000,128700,11700
미본골프산업사,2023-07-25,2727100,2999810,272710
주식회사 태흥로프,2023-07-25,306000,336600,30600
주식회사 태흥로프,2023-07-24,720000,792000,72000
라인스포츠산업,2023-07-21,937720,1031492,93772
주식회사 태흥로프,2023-07-21,1193400,1312740,119340
주식회사 태흥로프,2023-07-19,1618500,1780350,161850
(주)창조티지아이,2023-07-18,15012700,16513970,1501270
주식회사 태흥로프,2023-07-18,21000,23100,2100
(주)동서로프산업,2023-07-17,3640000,4004000,364000
주식회사 태흥로프,2023-07-13,2618000,2879800,261800
주식회사 태흥로프,2023-07-10,252000,277200,25200
주식회사 태흥로프,2023-07-10,18500,20350,1850
주식회사 태흥로프,2023-07-10,541000,595100,54100
라인스포츠산업,2023-07-10,51000,56100,5100
주식회사 태흥로프,2023-07-07,216000,237600,21600
라인스포츠산업,2023-07-04,622050,684256,62206
주식회사 태흥로프,2023-07-03,183600,201960,18360
라인스포츠산업,2023-07-03,650325,715358,65033
라인스포츠산업,2023-06-30,87500,96250,8750
주식회사 태흥로프,2023-06-27,23400,25740,2340
주식회사 태흥로프,2023-06-27,620000,682000,62000
주식회사 태흥로프,2023-06-27,2142000,2356200,214200
주식회사 태흥로프,2023-06-23,432000,475200,43200
태극스카이골프,2023-06-23,3636364,4000000,363636
주식회사 태흥로프,2023-06-22,4485000,4933500,448500
미본골프산업사,2023-06-21,398000,437800,39800
주식회사 태흥로프,2023-06-21,504000,554400,50400
주식회사 태흥로프,2023-06-21,247500,272250,24750
주식회사 태흥로프,2023-06-21,124800,137280,12480
라인스포츠산업,2023-06-21,280800,308880,28080
(주)창조티지아이,2023-06-21,687600,756360,68760
주식회사 태흥로프,2023-06-21,4320000,4752000,432000
주식회사 태흥로프,2023-06-20,351000,386100,35100
주식회사 태흥로프,2023-06-19,3037500,3341250,303750
주식회사 태흥로프,2023-06-15,1020000,1122000,102000
주식회사 태흥로프,2023-06-13,602550,662805,60255
주식회사 태흥로프,2023-06-13,333450,366795,33345
주식회사 태흥로프,2023-06-12,9646650,10611316,964666
주식회사 태흥로프,2023-06-12,636825,700508,63683
주식회사 태흥로프,2023-06-12,136856,150542,13686
케이카 주식회사 창원마산지점,2023-06-12,17272727,19000000,1727273
(주)창조티지아이,2023-06-09,462000,508200,46200
주식회사 태흥로프,2023-06-09,1080000,1188000,108000
주식회사 태흥로프,2023-06-08,175500,193050,17550
라인스포츠산업,2023-06-07,810150,891165,81015
영동산업(주),2023-06-02,133000,146300,13300
(주)창조티지아이,2023-05-30,90000,99000,9000
라인스포츠산업,2023-05-30,218000,239800,21800
라인스포츠산업,2023-05-26,114075,125483,11408
주식회사 태흥로프,2023-05-26,1564200,1720620,156420
주식회사 태흥로프,2023-05-25,42000,46200,4200
주식회사 태흥로프,2023-05-24,318200,350020,31820
주식회사 태흥로프,2023-05-23,147600,162360,14760
주식회사 태흥로프,2023-05-23,1872000,2059200,187200
주식회사 태흥로프,2023-05-18,1980000,2178000,198000
주식회사 태흥로프,2023-05-18,543000,597300,54300
라인스포츠산업,2023-05-17,245700,270270,24570
주식회사 태흥로프,2023-05-15,972000,1069200,97200
주식회사 태흥로프,2023-05-12,117000,128700,11700
주식회사 태흥로프,2023-05-12,15000,16500,1500
라인스포츠산업,2023-05-12,137200,150920,13720
주식회사 태흥로프,2023-05-11,152100,167310,15210
주식회사 태흥로프,2023-05-10,1557540,1713294,155754
주식회사 태흥로프,2023-05-10,759200,835120,75920
주식회사 태흥로프,2023-05-09,546000,600600,54600
주식회사 태흥로프,2023-05-08,3510000,3861000,351000
라인스포츠산업,2023-05-08,3490500,3839551,349051
주식회사 태흥로프,2023-05-03,215085,236594,21509
미본골프산업사,2023-05-02,386670,425337,38667
주식회사 태흥로프,2023-05-02,1652400,1817640,165240
라인스포츠산업,2023-04-27,3803400,4183740,380340
주식회사 태흥로프,2023-04-26,1512000,1663200,151200
주식회사 태흥로프,2023-04-26,278850,306735,27885
주식회사 태흥로프,2023-04-26,75850,83435,7585
주식회사 태흥로프,2023-04-25,1398600,1538460,139860
미본골프산업사,2023-04-21,1463400,1609740,146340
주식회사 태흥로프,2023-04-21,360000,396000,36000
주식회사 태흥로프,2023-04-19,4490850,4939935,449085
주식회사 태흥로프,2023-04-18,936000,1029600,93600
주식회사 태흥로프,2023-04-11,1134000,1247400,113400
주식회사 태흥로프,2023-04-10,655200,720720,65520
주식회사 태흥로프,2023-04-10,74000,81400,7400
주식회사 태흥로프,2023-04-06,3290100,3619110,329010
주식회사 태흥로프,2023-04-06,16596450,18256096,1659646
주식회사 태흥로프,2023-04-06,478000,525800,47800
주식회사 태흥로프,2023-04-05,3202200,3522420,320220
주식회사 태흥로프,2023-04-04,46800,51480,4680
라인스포츠산업,2023-04-03,955950,1051545,95595
주식회사 태흥로프,2023-04-03,660000,726000,66000
(주)창조티지아이,2023-03-30,704200,774620,70420
주식회사 태흥로프,2023-03-27,270000,297000,27000
바른설비,2023-03-27,199500,219450,19950
라인스포츠산업,2023-03-22,1306725,1437398,130673
주식회사 태흥로프,2023-03-22,1293600,1422960,129360
주식회사 태흥로프,2023-03-20,486000,534600,48600
주식회사 더존,2023-03-18,14000,15400,1400
주식회사 태흥로프,2023-03-17,840450,924495,84045
라인스포츠산업,2023-03-16,10747800,11822580,1074780
(주)창조티지아이,2023-03-16,4964000,5460400,496400
주식회사 더존,2023-03-14,623200,685520,62320
주식회사 태흥로프,2023-03-07,288000,316800,28800
라인스포츠산업,2023-03-07,1198100,1317910,119810
주식회사 태흥로프,2023-03-03,30000,33000,3000
금강휀스철망,2023-03-02,850000,935000,85000
주식회사 태흥로프,2023-03-02,1224000,1346400,122400
(주)창조티지아이,2023-02-28,3386400,3725040,338640
주식회사 태흥로프,2023-02-28,3504100,3854510,350410
라인스포츠산업,2023-02-28,9604800,10565280,960480
주식회사 스포컬,2023-02-28,1769300,1946230,176930
울산체육공사,2023-01-31,254000,279400,25400
공사철망휀스,2023-01-31,630000,693000,63000
이지더원2차 그랜드파크 입주자 대표회의,2023-01-31,538000,591800,53800
(주)창조티지아이,2023-01-31,56627050,62289755,5662705
주식회사 태흥로프,2023-01-31,5546943,6101637,554694
